Logistic Regression,Random Forest,SVM,XGBoost
77.0028818443804,76.19596541786744,78.32853025936599,80.92219020172911
81.67146974063401,88.06916426512969,88.18443804034582,88.99135446685878
74.46685878962536,76.4265129682997,79.42363112391931,76.54178674351584
68.81844380403457,67.31988472622479,71.70028818443804,72.44956772334294
